{
	"name": "Virtual Pet",
	"short_name": "Virtual Pet",
	"lang": "en-US",
	"start_url": "https://lrusso.github.io/VirtualPet/VirtualPet.htm",
	"display": "fullscreen",
	"orientation": "landscape",
	"theme_color": "#000000",
	"background_color": "#000000",
	"icons": [
		{
			"src": "https://lrusso.github.io/VirtualPet/VirtualPetFavIcon_192x192.png",
			"sizes": "192x192",
			"type": "image/png"
		},
		{
			"src": "https://lrusso.github.io/VirtualPet/VirtualPetFavIcon_512x512.png",
			"sizes": "512x512",
			"type": "image/png"
		}
	]
}